entity,package_rows,database_rows,status
dim_date,2389,2389,PASS
dim_pipeline_run,1,1,PASS
dim_patient,1,1,PASS
dim_coverage,1,1,PASS
dim_financial_concept,74,74,PASS
dim_currency,1,1,PASS
dim_claim_type,6,6,PASS
dim_service_code,12,12,PASS
dim_diagnosis,13,13,PASS
dim_procedure,2,2,PASS
dim_provider,16,16,PASS
dim_payer,4,4,PASS
dim_supporting_info_category,43,43,PASS
fact_claim,6,6,PASS
fact_item,29,29,PASS
fact_claim_total,26,26,PASS
fact_claim_adjudication,31,31,PASS
fact_item_adjudication,393,393,PASS
fact_diagnosis_occurrence,29,29,PASS
fact_procedure_occurrence,2,2,PASS
fact_care_team_occurrence,35,35,PASS
fact_supporting_info_occurrence,112,112,PASS
fact_item_detail,13,13,PASS
bridge_claim_coverage,6,6,PASS
