domain,system_uri,code,source_display,authoritative_display,semantic_role,aggregation_rule,occurrence_count,authority,authority_version,authority_url,resolution_status,source_display_match,kpi_status
CLAIM_ADJUDICATION,http://hl7.org/fhir/us/carin-bb/CodeSystem/C4BBAdjudicationDiscriminator,benefitpaymentstatus,Benefit Payment Status,Benefit Payment Status,STATUS_DISCRIMINATOR,NOT_SUMMABLE,24,HL7 CARIN Blue Button IG,2.1.0,https://hl7.org/fhir/us/carin-bb/STU2.1/CodeSystem-C4BBAdjudicationDiscriminator.html,AUTHORITATIVELY_RESOLVED,YES,NOT_APPROVED
CLAIM_ADJUDICATION,https://bluebutton.cms.gov/fhir/CodeSystem/Adjudication,CLM_BLOOD_CHRG_AMT,Blood Charge Amount,Blood Charge Amount,MONETARY_AMOUNT,SAME_SYSTEM_CODE_CURRENCY_AND_GRAIN_ONLY,6,CMS Blue Button API,Blue Button v3,https://bluebutton.cms.gov/fhir/CodeSystem/Adjudication/,AUTHORITATIVELY_RESOLVED,YES,NOT_APPROVED
CLAIM_ADJUDICATION,https://bluebutton.cms.gov/fhir/CodeSystem/Adjudication,CLM_BLOOD_LBLTY_AMT,Beneficiary Blood Deductible Liability Amount,Beneficiary Blood Deductible Liability Amount,MONETARY_AMOUNT,SAME_SYSTEM_CODE_CURRENCY_AND_GRAIN_ONLY,6,CMS Blue Button API,Blue Button v3,https://bluebutton.cms.gov/fhir/CodeSystem/Adjudication/,AUTHORITATIVELY_RESOLVED,YES,NOT_APPROVED
CLAIM_ADJUDICATION,https://bluebutton.cms.gov/fhir/CodeSystem/Adjudication,CLM_BLOOD_NCVRD_CHRG_AMT,Blood Noncovered Charge Amount,Blood Noncovered Charge Amount,MONETARY_AMOUNT,SAME_SYSTEM_CODE_CURRENCY_AND_GRAIN_ONLY,6,CMS Blue Button API,Blue Button v3,https://bluebutton.cms.gov/fhir/CodeSystem/Adjudication/,AUTHORITATIVELY_RESOLVED,YES,NOT_APPROVED
CLAIM_ADJUDICATION,https://bluebutton.cms.gov/fhir/CodeSystem/Adjudication,CLM_HIPPS_READMSN_RDCTN_AMT,Readmission Reduction Amount,Readmission Reduction Amount,MONETARY_AMOUNT,SAME_SYSTEM_CODE_CURRENCY_AND_GRAIN_ONLY,5,CMS Blue Button API,Blue Button v3,https://bluebutton.cms.gov/fhir/CodeSystem/Adjudication/,AUTHORITATIVELY_RESOLVED,YES,NOT_APPROVED
CLAIM_ADJUDICATION,https://bluebutton.cms.gov/fhir/CodeSystem/Adjudication,CLM_HIPPS_UNCOMPD_CARE_AMT,Claim Uncompensated Care Payment Amount,Claim Uncompensated Care Payment Amount,MONETARY_AMOUNT,SAME_SYSTEM_CODE_CURRENCY_AND_GRAIN_ONLY,6,CMS Blue Button API,Blue Button v3,https://bluebutton.cms.gov/fhir/CodeSystem/Adjudication/,AUTHORITATIVELY_RESOLVED,YES,NOT_APPROVED
CLAIM_ADJUDICATION,https://bluebutton.cms.gov/fhir/CodeSystem/Adjudication,CLM_HIPPS_VBP_AMT,HIPPS Value Based Purchasing Amount,HIPPS Value Based Purchasing Amount,MONETARY_AMOUNT,SAME_SYSTEM_CODE_CURRENCY_AND_GRAIN_ONLY,5,CMS Blue Button API,Blue Button v3,https://bluebutton.cms.gov/fhir/CodeSystem/Adjudication/,AUTHORITATIVELY_RESOLVED,YES,NOT_APPROVED
CLAIM_ADJUDICATION,https://bluebutton.cms.gov/fhir/CodeSystem/Adjudication,CLM_INSTNL_CVRD_DAY_CNT,Claim Medicare Utilization Day Count,Claim Medicare Utilization Day Count,NON_MONETARY_VALUE,NOT_CURRENCY_REQUIRE_MEANINGFUL_UNIT,6,CMS Blue Button API,Blue Button v3,https://bluebutton.cms.gov/fhir/CodeSystem/Adjudication/,AUTHORITATIVELY_RESOLVED,YES,NOT_APPROVED
CLAIM_ADJUDICATION,https://bluebutton.cms.gov/fhir/CodeSystem/Adjudication,CLM_INSTNL_DRG_OUTLIER_AMT,DRG Outlier Approved Payment Amount,DRG Outlier Approved Payment Amount,MONETARY_AMOUNT,SAME_SYSTEM_CODE_CURRENCY_AND_GRAIN_ONLY,6,CMS Blue Button API,Blue Button v3,https://bluebutton.cms.gov/fhir/CodeSystem/Adjudication/,AUTHORITATIVELY_RESOLVED,YES,NOT_APPROVED
CLAIM_ADJUDICATION,https://bluebutton.cms.gov/fhir/CodeSystem/Adjudication,CLM_INSTNL_LOW_VOL_PMT_AMT,Low Volume Payment Amount,Low Volume Payment Amount,MONETARY_AMOUNT,SAME_SYSTEM_CODE_CURRENCY_AND_GRAIN_ONLY,5,CMS Blue Button API,Blue Button v3,https://bluebutton.cms.gov/fhir/CodeSystem/Adjudication/,AUTHORITATIVELY_RESOLVED,YES,NOT_APPROVED
CLAIM_ADJUDICATION,https://bluebutton.cms.gov/fhir/CodeSystem/Adjudication,CLM_INSTNL_MDCR_COINS_DAY_CNT,Beneficiary Total Coinsurance Days Count,Beneficiary Total Coinsurance Days Count,NON_MONETARY_VALUE,NOT_CURRENCY_REQUIRE_MEANINGFUL_UNIT,5,CMS Blue Button API,Blue Button v3,https://bluebutton.cms.gov/fhir/CodeSystem/Adjudication/,AUTHORITATIVELY_RESOLVED,YES,NOT_APPROVED
CLAIM_ADJUDICATION,https://bluebutton.cms.gov/fhir/CodeSystem/Adjudication,CLM_INSTNL_NCVRD_DAY_CNT,Claim Medicare Non Utilization Days Count,Claim Medicare Non Utilization Days Count,NON_MONETARY_VALUE,NOT_CURRENCY_REQUIRE_MEANINGFUL_UNIT,5,CMS Blue Button API,Blue Button v3,https://bluebutton.cms.gov/fhir/CodeSystem/Adjudication/,AUTHORITATIVELY_RESOLVED,YES,NOT_APPROVED
CLAIM_ADJUDICATION,https://bluebutton.cms.gov/fhir/CodeSystem/Adjudication,CLM_INSTNL_PER_DIEM_AMT,Claim Pass Thru Per Diem Amount,Claim Pass Thru Per Diem Amount,MONETARY_AMOUNT,SAME_SYSTEM_CODE_CURRENCY_AND_GRAIN_ONLY,6,CMS Blue Button API,Blue Button v3,https://bluebutton.cms.gov/fhir/CodeSystem/Adjudication/,AUTHORITATIVELY_RESOLVED,YES,NOT_APPROVED
CLAIM_ADJUDICATION,https://bluebutton.cms.gov/fhir/CodeSystem/Adjudication,CLM_INSTNL_PRFNL_AMT,Professional Component Charge Amount,Professional Component Charge Amount,MONETARY_AMOUNT,SAME_SYSTEM_CODE_CURRENCY_AND_GRAIN_ONLY,5,CMS Blue Button API,Blue Button v3,https://bluebutton.cms.gov/fhir/CodeSystem/Adjudication/,AUTHORITATIVELY_RESOLVED,YES,NOT_APPROVED
CLAIM_ADJUDICATION,https://bluebutton.cms.gov/fhir/CodeSystem/Adjudication,CLM_MDCR_HOSPC_PRD_CNT,Hospice Period Count,Hospice Period Count,NON_MONETARY_VALUE,NOT_CURRENCY_REQUIRE_MEANINGFUL_UNIT,1,CMS Blue Button API,Blue Button v3,https://bluebutton.cms.gov/fhir/CodeSystem/Adjudication/,AUTHORITATIVELY_RESOLVED,YES,NOT_APPROVED
CLAIM_ADJUDICATION,https://bluebutton.cms.gov/fhir/CodeSystem/Adjudication,CLM_MDCR_INSTNL_PRMRY_PYR_AMT,Primary Payer (if not Medicare) Claim Paid Amount,Primary Payer (if not Medicare) Claim Paid Amount,MONETARY_AMOUNT,SAME_SYSTEM_CODE_CURRENCY_AND_GRAIN_ONLY,6,CMS Blue Button API,Blue Button v3,https://bluebutton.cms.gov/fhir/CodeSystem/Adjudication/,AUTHORITATIVELY_RESOLVED,YES,NOT_APPROVED
CLAIM_ADJUDICATION,https://bluebutton.cms.gov/fhir/CodeSystem/Adjudication,CLM_MDCR_IP_1ST_YR_RATE_AMT,First Year Rate Amount,First Year Rate Amount,MONETARY_AMOUNT,SAME_SYSTEM_CODE_CURRENCY_AND_GRAIN_ONLY,5,CMS Blue Button API,Blue Button v3,https://bluebutton.cms.gov/fhir/CodeSystem/Adjudication/,AUTHORITATIVELY_RESOLVED,YES,NOT_APPROVED
CLAIM_ADJUDICATION,https://bluebutton.cms.gov/fhir/CodeSystem/Adjudication,CLM_MDCR_IP_BENE_DDCTBL_AMT,Beneficiary Inpatient (or other Part A) Deductible Amount,Beneficiary Inpatient (or other Part A) Deductible Amount,MONETARY_AMOUNT,SAME_SYSTEM_CODE_CURRENCY_AND_GRAIN_ONLY,6,CMS Blue Button API,Blue Button v3,https://bluebutton.cms.gov/fhir/CodeSystem/Adjudication/,AUTHORITATIVELY_RESOLVED,YES,NOT_APPROVED
CLAIM_ADJUDICATION,https://bluebutton.cms.gov/fhir/CodeSystem/Adjudication,CLM_MDCR_IP_LRD_USE_CNT,Beneficiary Medicare Lifetime Reserve Days (LRD) Used Count,Beneficiary Medicare Lifetime Reserve Days (LRD) Used Count,NON_MONETARY_VALUE,NOT_CURRENCY_REQUIRE_MEANINGFUL_UNIT,6,CMS Blue Button API,Blue Button v3,https://bluebutton.cms.gov/fhir/CodeSystem/Adjudication/,AUTHORITATIVELY_RESOLVED,YES,NOT_APPROVED
CLAIM_ADJUDICATION,https://bluebutton.cms.gov/fhir/CodeSystem/Adjudication,CLM_MDCR_IP_PPS_CPTL_FSP_AMT,Claim PPS Capital Federal Specific Portion (FSP) Amount,Claim PPS Capital Federal Specific Portion (FSP) Amount,MONETARY_AMOUNT,SAME_SYSTEM_CODE_CURRENCY_AND_GRAIN_ONLY,6,CMS Blue Button API,Blue Button v3,https://bluebutton.cms.gov/fhir/CodeSystem/Adjudication/,AUTHORITATIVELY_RESOLVED,YES,NOT_APPROVED
CLAIM_ADJUDICATION,https://bluebutton.cms.gov/fhir/CodeSystem/Adjudication,CLM_MDCR_IP_PPS_CPTL_HRMLS_AMT,Claim PPS Old Capital Hold Harmless Amount,Claim PPS Old Capital Hold Harmless Amount,MONETARY_AMOUNT,SAME_SYSTEM_CODE_CURRENCY_AND_GRAIN_ONLY,6,CMS Blue Button API,Blue Button v3,https://bluebutton.cms.gov/fhir/CodeSystem/Adjudication/,AUTHORITATIVELY_RESOLVED,YES,NOT_APPROVED
CLAIM_ADJUDICATION,https://bluebutton.cms.gov/fhir/CodeSystem/Adjudication,CLM_MDCR_IP_PPS_CPTL_IME_AMT,Claim PPS Capital Indirect Medical Education (IME) Amount,Claim PPS Capital Indirect Medical Education (IME) Amount,MONETARY_AMOUNT,SAME_SYSTEM_CODE_CURRENCY_AND_GRAIN_ONLY,6,CMS Blue Button API,Blue Button v3,https://bluebutton.cms.gov/fhir/CodeSystem/Adjudication/,AUTHORITATIVELY_RESOLVED,YES,NOT_APPROVED
CLAIM_ADJUDICATION,https://bluebutton.cms.gov/fhir/CodeSystem/Adjudication,CLM_MDCR_IP_PPS_CPTL_TOT_AMT,Claim Total PPS Capital Amount,Claim Total PPS Capital Amount,MONETARY_AMOUNT,SAME_SYSTEM_CODE_CURRENCY_AND_GRAIN_ONLY,6,CMS Blue Button API,Blue Button v3,https://bluebutton.cms.gov/fhir/CodeSystem/Adjudication/,AUTHORITATIVELY_RESOLVED,YES,NOT_APPROVED
CLAIM_ADJUDICATION,https://bluebutton.cms.gov/fhir/CodeSystem/Adjudication,CLM_MDCR_IP_PPS_DRG_WT_NUM,PPS DRG Weight Number,PPS DRG Weight Number,NON_MONETARY_VALUE,NOT_CURRENCY_REQUIRE_MEANINGFUL_UNIT,6,CMS Blue Button API,Blue Button v3,https://bluebutton.cms.gov/fhir/CodeSystem/Adjudication/,AUTHORITATIVELY_RESOLVED,YES,NOT_APPROVED
CLAIM_ADJUDICATION,https://bluebutton.cms.gov/fhir/CodeSystem/Adjudication,CLM_MDCR_IP_PPS_DSPRPRTNT_AMT,Claim PPS Capital Disproportionate Share Amount,Claim PPS Capital Disproportionate Share Amount,MONETARY_AMOUNT,SAME_SYSTEM_CODE_CURRENCY_AND_GRAIN_ONLY,6,CMS Blue Button API,Blue Button v3,https://bluebutton.cms.gov/fhir/CodeSystem/Adjudication/,AUTHORITATIVELY_RESOLVED,YES,NOT_APPROVED
CLAIM_ADJUDICATION,https://bluebutton.cms.gov/fhir/CodeSystem/Adjudication,CLM_MDCR_IP_PPS_EXCPTN_AMT,Claim PPS Capital Exception Amount,Claim PPS Capital Exception Amount,MONETARY_AMOUNT,SAME_SYSTEM_CODE_CURRENCY_AND_GRAIN_ONLY,6,CMS Blue Button API,Blue Button v3,https://bluebutton.cms.gov/fhir/CodeSystem/Adjudication/,AUTHORITATIVELY_RESOLVED,YES,NOT_APPROVED
CLAIM_ADJUDICATION,https://bluebutton.cms.gov/fhir/CodeSystem/Adjudication,CLM_MDCR_IP_PPS_OUTLIER_AMT,Claim PPS Capital Outlier Amount,Claim PPS Capital Outlier Amount,MONETARY_AMOUNT,SAME_SYSTEM_CODE_CURRENCY_AND_GRAIN_ONLY,6,CMS Blue Button API,Blue Button v3,https://bluebutton.cms.gov/fhir/CodeSystem/Adjudication/,AUTHORITATIVELY_RESOLVED,YES,NOT_APPROVED
CLAIM_ADJUDICATION,https://bluebutton.cms.gov/fhir/CodeSystem/Adjudication,CLM_MDCR_IP_SCND_YR_RATE_AMT,Second Year Rate Amount,Second Year Rate Amount,MONETARY_AMOUNT,SAME_SYSTEM_CODE_CURRENCY_AND_GRAIN_ONLY,5,CMS Blue Button API,Blue Button v3,https://bluebutton.cms.gov/fhir/CodeSystem/Adjudication/,AUTHORITATIVELY_RESOLVED,YES,NOT_APPROVED
CLAIM_ADJUDICATION,https://bluebutton.cms.gov/fhir/CodeSystem/Adjudication,CLM_MDCR_PRFNL_PRMRY_PYR_AMT,Primary Payer Paid Amount,Primary Payer Paid Amount,MONETARY_AMOUNT,SAME_SYSTEM_CODE_CURRENCY_AND_GRAIN_ONLY,4,CMS Blue Button API,Blue Button v3,https://bluebutton.cms.gov/fhir/CodeSystem/Adjudication/,AUTHORITATIVELY_RESOLVED,YES,NOT_APPROVED
CLAIM_ADJUDICATION,https://bluebutton.cms.gov/fhir/CodeSystem/Adjudication,CLM_OPRTNL_DSPRTNT_AMT,Operating Disproportionate Share Amount,Operating Disproportionate Share Amount,MONETARY_AMOUNT,SAME_SYSTEM_CODE_CURRENCY_AND_GRAIN_ONLY,6,CMS Blue Button API,Blue Button v3,https://bluebutton.cms.gov/fhir/CodeSystem/Adjudication/,AUTHORITATIVELY_RESOLVED,YES,NOT_APPROVED
CLAIM_ADJUDICATION,https://bluebutton.cms.gov/fhir/CodeSystem/Adjudication,CLM_OPRTNL_IME_AMT,Operating Indirect Medical Education Amount,Operating Indirect Medical Education Amount,MONETARY_AMOUNT,SAME_SYSTEM_CODE_CURRENCY_AND_GRAIN_ONLY,6,CMS Blue Button API,Blue Button v3,https://bluebutton.cms.gov/fhir/CodeSystem/Adjudication/,AUTHORITATIVELY_RESOLVED,YES,NOT_APPROVED
CLAIM_ADJUDICATION,https://bluebutton.cms.gov/fhir/CodeSystem/Adjudication,CLM_PPS_MD_WVR_STDZD_VAL_AMT,Maryland Waiver Standardized Amount,Maryland Waiver Standardized Amount,MONETARY_AMOUNT,SAME_SYSTEM_CODE_CURRENCY_AND_GRAIN_ONLY,5,CMS Blue Button API,Blue Button v3,https://bluebutton.cms.gov/fhir/CodeSystem/Adjudication/,AUTHORITATIVELY_RESOLVED,YES,NOT_APPROVED
CLAIM_TOTAL,http://hl7.org/fhir/us/carin-bb/CodeSystem/C4BBAdjudication,coinsurance,Co-insurance,Co-insurance,MONETARY_AMOUNT,SAME_SYSTEM_CODE_CURRENCY_AND_GRAIN_ONLY,6,HL7 CARIN Blue Button IG,2.1.0,https://hl7.org/fhir/us/carin-bb/STU2.1/CodeSystem-C4BBAdjudication.html,AUTHORITATIVELY_RESOLVED,YES,NOT_APPROVED
CLAIM_TOTAL,http://hl7.org/fhir/us/carin-bb/CodeSystem/C4BBAdjudication,noncovered,Noncovered,Noncovered,MONETARY_AMOUNT,SAME_SYSTEM_CODE_CURRENCY_AND_GRAIN_ONLY,6,HL7 CARIN Blue Button IG,2.1.0,https://hl7.org/fhir/us/carin-bb/STU2.1/CodeSystem-C4BBAdjudication.html,AUTHORITATIVELY_RESOLVED,YES,NOT_APPROVED
CLAIM_TOTAL,http://hl7.org/fhir/us/carin-bb/CodeSystem/C4BBAdjudication,paidbypatient,Paid by patient,Paid by patient,MONETARY_AMOUNT,SAME_SYSTEM_CODE_CURRENCY_AND_GRAIN_ONLY,18,HL7 CARIN Blue Button IG,2.1.0,https://hl7.org/fhir/us/carin-bb/STU2.1/CodeSystem-C4BBAdjudication.html,AUTHORITATIVELY_RESOLVED,YES,NOT_APPROVED
CLAIM_TOTAL,http://hl7.org/fhir/us/carin-bb/CodeSystem/C4BBAdjudication,paidtopatient,Paid to patient,Paid to patient,MONETARY_AMOUNT,SAME_SYSTEM_CODE_CURRENCY_AND_GRAIN_ONLY,6,HL7 CARIN Blue Button IG,2.1.0,https://hl7.org/fhir/us/carin-bb/STU2.1/CodeSystem-C4BBAdjudication.html,AUTHORITATIVELY_RESOLVED,YES,NOT_APPROVED
CLAIM_TOTAL,http://hl7.org/fhir/us/carin-bb/CodeSystem/C4BBAdjudication,paidtoprovider,Paid to provider,Paid to provider,MONETARY_AMOUNT,SAME_SYSTEM_CODE_CURRENCY_AND_GRAIN_ONLY,10,HL7 CARIN Blue Button IG,2.1.0,https://hl7.org/fhir/us/carin-bb/STU2.1/CodeSystem-C4BBAdjudication.html,AUTHORITATIVELY_RESOLVED,YES,NOT_APPROVED
CLAIM_TOTAL,http://hl7.org/fhir/us/carin-bb/CodeSystem/C4BBAdjudication,priorpayerpaid,Prior payer paid,Prior payer paid,MONETARY_AMOUNT,SAME_SYSTEM_CODE_CURRENCY_AND_GRAIN_ONLY,14,HL7 CARIN Blue Button IG,2.1.0,https://hl7.org/fhir/us/carin-bb/STU2.1/CodeSystem-C4BBAdjudication.html,AUTHORITATIVELY_RESOLVED,YES,NOT_APPROVED
CLAIM_TOTAL,http://terminology.hl7.org/CodeSystem/adjudication,deductible,Deductible,Deductible,MONETARY_AMOUNT,SAME_SYSTEM_CODE_CURRENCY_AND_GRAIN_ONLY,10,HL7 Terminology,THO 7.4.0 / CodeSystem 1.0.1,https://terminology.hl7.org/7.4.0/CodeSystem-adjudication.html,AUTHORITATIVELY_RESOLVED,YES,NOT_APPROVED
CLAIM_TOTAL,http://terminology.hl7.org/CodeSystem/adjudication,eligible,Eligible Amount,Eligible Amount,MONETARY_AMOUNT,SAME_SYSTEM_CODE_CURRENCY_AND_GRAIN_ONLY,10,HL7 Terminology,THO 7.4.0 / CodeSystem 1.0.1,https://terminology.hl7.org/7.4.0/CodeSystem-adjudication.html,AUTHORITATIVELY_RESOLVED,YES,NOT_APPROVED
CLAIM_TOTAL,http://terminology.hl7.org/CodeSystem/adjudication,submitted,Submitted Amount,Submitted Amount,MONETARY_AMOUNT,SAME_SYSTEM_CODE_CURRENCY_AND_GRAIN_ONLY,24,HL7 Terminology,THO 7.4.0 / CodeSystem 1.0.1,https://terminology.hl7.org/7.4.0/CodeSystem-adjudication.html,AUTHORITATIVELY_RESOLVED,YES,NOT_APPROVED
ITEM_ADJUDICATION,http://hl7.org/fhir/us/carin-bb/CodeSystem/C4BBAdjudication,coinsurance,Co-insurance,Co-insurance,MONETARY_AMOUNT,SAME_SYSTEM_CODE_CURRENCY_AND_GRAIN_ONLY,27,HL7 CARIN Blue Button IG,2.1.0,https://hl7.org/fhir/us/carin-bb/STU2.1/CodeSystem-C4BBAdjudication.html,AUTHORITATIVELY_RESOLVED,YES,NOT_APPROVED
ITEM_ADJUDICATION,http://hl7.org/fhir/us/carin-bb/CodeSystem/C4BBAdjudication,discount,Discount,Discount,MONETARY_AMOUNT,SAME_SYSTEM_CODE_CURRENCY_AND_GRAIN_ONLY,27,HL7 CARIN Blue Button IG,2.1.0,https://hl7.org/fhir/us/carin-bb/STU2.1/CodeSystem-C4BBAdjudication.html,AUTHORITATIVELY_RESOLVED,YES,NOT_APPROVED
ITEM_ADJUDICATION,http://hl7.org/fhir/us/carin-bb/CodeSystem/C4BBAdjudication,noncovered,Noncovered,Noncovered,MONETARY_AMOUNT,SAME_SYSTEM_CODE_CURRENCY_AND_GRAIN_ONLY,46,HL7 CARIN Blue Button IG,2.1.0,https://hl7.org/fhir/us/carin-bb/STU2.1/CodeSystem-C4BBAdjudication.html,AUTHORITATIVELY_RESOLVED,YES,NOT_APPROVED
ITEM_ADJUDICATION,http://hl7.org/fhir/us/carin-bb/CodeSystem/C4BBAdjudication,paidbypatient,Paid by patient,Paid by patient,MONETARY_AMOUNT,SAME_SYSTEM_CODE_CURRENCY_AND_GRAIN_ONLY,46,HL7 CARIN Blue Button IG,2.1.0,https://hl7.org/fhir/us/carin-bb/STU2.1/CodeSystem-C4BBAdjudication.html,AUTHORITATIVELY_RESOLVED,YES,NOT_APPROVED
ITEM_ADJUDICATION,http://hl7.org/fhir/us/carin-bb/CodeSystem/C4BBAdjudication,paidtopatient,Paid to patient,Paid to patient,MONETARY_AMOUNT,SAME_SYSTEM_CODE_CURRENCY_AND_GRAIN_ONLY,73,HL7 CARIN Blue Button IG,2.1.0,https://hl7.org/fhir/us/carin-bb/STU2.1/CodeSystem-C4BBAdjudication.html,AUTHORITATIVELY_RESOLVED,YES,NOT_APPROVED
ITEM_ADJUDICATION,http://hl7.org/fhir/us/carin-bb/CodeSystem/C4BBAdjudication,paidtoprovider,Paid to provider,Paid to provider,MONETARY_AMOUNT,SAME_SYSTEM_CODE_CURRENCY_AND_GRAIN_ONLY,73,HL7 CARIN Blue Button IG,2.1.0,https://hl7.org/fhir/us/carin-bb/STU2.1/CodeSystem-C4BBAdjudication.html,AUTHORITATIVELY_RESOLVED,YES,NOT_APPROVED
ITEM_ADJUDICATION,http://hl7.org/fhir/us/carin-bb/CodeSystem/C4BBAdjudication,priorpayerpaid,Prior payer paid,Prior payer paid,MONETARY_AMOUNT,SAME_SYSTEM_CODE_CURRENCY_AND_GRAIN_ONLY,119,HL7 CARIN Blue Button IG,2.1.0,https://hl7.org/fhir/us/carin-bb/STU2.1/CodeSystem-C4BBAdjudication.html,AUTHORITATIVELY_RESOLVED,YES,NOT_APPROVED
ITEM_ADJUDICATION,http://hl7.org/fhir/us/carin-bb/CodeSystem/C4BBAdjudicationDiscriminator,benefitpaymentstatus,Benefit Payment Status,Benefit Payment Status,STATUS_DISCRIMINATOR,NOT_SUMMABLE,27,HL7 CARIN Blue Button IG,2.1.0,https://hl7.org/fhir/us/carin-bb/STU2.1/CodeSystem-C4BBAdjudicationDiscriminator.html,AUTHORITATIVELY_RESOLVED,YES,NOT_APPROVED
ITEM_ADJUDICATION,http://terminology.hl7.org/CodeSystem/adjudication,benefit,Benefit Amount,Benefit Amount,MONETARY_AMOUNT,SAME_SYSTEM_CODE_CURRENCY_AND_GRAIN_ONLY,73,HL7 Terminology,THO 7.4.0 / CodeSystem 1.0.1,https://terminology.hl7.org/7.4.0/CodeSystem-adjudication.html,AUTHORITATIVELY_RESOLVED,YES,NOT_APPROVED
ITEM_ADJUDICATION,http://terminology.hl7.org/CodeSystem/adjudication,deductible,Deductible,Deductible,MONETARY_AMOUNT,SAME_SYSTEM_CODE_CURRENCY_AND_GRAIN_ONLY,73,HL7 Terminology,THO 7.4.0 / CodeSystem 1.0.1,https://terminology.hl7.org/7.4.0/CodeSystem-adjudication.html,AUTHORITATIVELY_RESOLVED,YES,NOT_APPROVED
ITEM_ADJUDICATION,http://terminology.hl7.org/CodeSystem/adjudication,eligible,Eligible Amount,Eligible Amount,MONETARY_AMOUNT,SAME_SYSTEM_CODE_CURRENCY_AND_GRAIN_ONLY,27,HL7 Terminology,THO 7.4.0 / CodeSystem 1.0.1,https://terminology.hl7.org/7.4.0/CodeSystem-adjudication.html,AUTHORITATIVELY_RESOLVED,YES,NOT_APPROVED
ITEM_ADJUDICATION,http://terminology.hl7.org/CodeSystem/adjudication,submitted,Submitted Amount,Submitted Amount,MONETARY_AMOUNT,SAME_SYSTEM_CODE_CURRENCY_AND_GRAIN_ONLY,87,HL7 Terminology,THO 7.4.0 / CodeSystem 1.0.1,https://terminology.hl7.org/7.4.0/CodeSystem-adjudication.html,AUTHORITATIVELY_RESOLVED,YES,NOT_APPROVED
ITEM_ADJUDICATION,https://bluebutton.cms.gov/fhir/CodeSystem/Adjudication,CLM_LINE_ADD_ON_PYMT_AMT,Add On Payment Amount,Add On Payment Amount,MONETARY_AMOUNT,SAME_SYSTEM_CODE_CURRENCY_AND_GRAIN_ONLY,46,CMS Blue Button API,Blue Button v3,https://bluebutton.cms.gov/fhir/CodeSystem/Adjudication/,AUTHORITATIVELY_RESOLVED,YES,NOT_APPROVED
ITEM_ADJUDICATION,https://bluebutton.cms.gov/fhir/CodeSystem/Adjudication,CLM_LINE_BLOOD_DDCTBL_AMT,Blood Deductible Amount,Blood Deductible Amount,MONETARY_AMOUNT,SAME_SYSTEM_CODE_CURRENCY_AND_GRAIN_ONLY,46,CMS Blue Button API,Blue Button v3,https://bluebutton.cms.gov/fhir/CodeSystem/Adjudication/,AUTHORITATIVELY_RESOLVED,YES,NOT_APPROVED
ITEM_ADJUDICATION,https://bluebutton.cms.gov/fhir/CodeSystem/Adjudication,CLM_LINE_CARR_PSYCH_OT_LMT_AMT,Therapy Amount Applied to Limit,Therapy Amount Applied to Limit,MONETARY_AMOUNT,SAME_SYSTEM_CODE_CURRENCY_AND_GRAIN_ONLY,27,CMS Blue Button API,Blue Button v3,https://bluebutton.cms.gov/fhir/CodeSystem/Adjudication/,AUTHORITATIVELY_RESOLVED,YES,NOT_APPROVED
ITEM_ADJUDICATION,https://bluebutton.cms.gov/fhir/CodeSystem/Adjudication,CLM_LINE_GRS_ABOVE_THRSHLD_AMT,Gross Drug Cost Above Out Of Pocket Threshold,Gross Drug Cost Above Out Of Pocket Threshold,MONETARY_AMOUNT,SAME_SYSTEM_CODE_CURRENCY_AND_GRAIN_ONLY,14,CMS Blue Button API,Blue Button v3,https://bluebutton.cms.gov/fhir/CodeSystem/Adjudication/,AUTHORITATIVELY_RESOLVED,YES,NOT_APPROVED
ITEM_ADJUDICATION,https://bluebutton.cms.gov/fhir/CodeSystem/Adjudication,CLM_LINE_GRS_BLW_THRSHLD_AMT,Gross Drug Cost Below Out Of Pocket Threshold,Gross Drug Cost Below Out Of Pocket Threshold,MONETARY_AMOUNT,SAME_SYSTEM_CODE_CURRENCY_AND_GRAIN_ONLY,14,CMS Blue Button API,Blue Button v3,https://bluebutton.cms.gov/fhir/CodeSystem/Adjudication/,AUTHORITATIVELY_RESOLVED,YES,NOT_APPROVED
ITEM_ADJUDICATION,https://bluebutton.cms.gov/fhir/CodeSystem/Adjudication,CLM_LINE_INSTNL_ADJSTD_AMT,Revenue Center Coinsurance/Wage Adjusted Coinsurance Amount,Revenue Center Coinsurance/Wage Adjusted Coinsurance Amount,MONETARY_AMOUNT,SAME_SYSTEM_CODE_CURRENCY_AND_GRAIN_ONLY,46,CMS Blue Button API,Blue Button v3,https://bluebutton.cms.gov/fhir/CodeSystem/Adjudication/,AUTHORITATIVELY_RESOLVED,YES,NOT_APPROVED
ITEM_ADJUDICATION,https://bluebutton.cms.gov/fhir/CodeSystem/Adjudication,CLM_LINE_INSTNL_RATE_AMT,Revenue Center Rate Amount,Revenue Center Rate Amount,MONETARY_AMOUNT,SAME_SYSTEM_CODE_CURRENCY_AND_GRAIN_ONLY,46,CMS Blue Button API,Blue Button v3,https://bluebutton.cms.gov/fhir/CodeSystem/Adjudication/,AUTHORITATIVELY_RESOLVED,YES,NOT_APPROVED
ITEM_ADJUDICATION,https://bluebutton.cms.gov/fhir/CodeSystem/Adjudication,CLM_LINE_INSTNL_RDCD_AMT,Revenue Center Reduced Coinsurance Amount,Revenue Center Reduced Coinsurance Amount,MONETARY_AMOUNT,SAME_SYSTEM_CODE_CURRENCY_AND_GRAIN_ONLY,46,CMS Blue Button API,Blue Button v3,https://bluebutton.cms.gov/fhir/CodeSystem/Adjudication/,AUTHORITATIVELY_RESOLVED,YES,NOT_APPROVED
ITEM_ADJUDICATION,https://bluebutton.cms.gov/fhir/CodeSystem/Adjudication,CLM_LINE_LIS_AMT,Low Income Cost Sharing Subsidy Amount,Low Income Cost Sharing Subsidy Amount,MONETARY_AMOUNT,SAME_SYSTEM_CODE_CURRENCY_AND_GRAIN_ONLY,14,CMS Blue Button API,Blue Button v3,https://bluebutton.cms.gov/fhir/CodeSystem/Adjudication/,AUTHORITATIVELY_RESOLVED,YES,NOT_APPROVED
ITEM_ADJUDICATION,https://bluebutton.cms.gov/fhir/CodeSystem/Adjudication,CLM_LINE_PLRO_AMT,Patient Liability Reduction Other Paid Amount,Patient Liability Reduction Other Paid Amount,MONETARY_AMOUNT,SAME_SYSTEM_CODE_CURRENCY_AND_GRAIN_ONLY,14,CMS Blue Button API,Blue Button v3,https://bluebutton.cms.gov/fhir/CodeSystem/Adjudication/,AUTHORITATIVELY_RESOLVED,YES,NOT_APPROVED
ITEM_ADJUDICATION,https://bluebutton.cms.gov/fhir/CodeSystem/Adjudication,CLM_LINE_PRFNL_DME_PRICE_AMT,Purchase Price Amount,Purchase Price Amount,MONETARY_AMOUNT,SAME_SYSTEM_CODE_CURRENCY_AND_GRAIN_ONLY,21,CMS Blue Button API,Blue Button v3,https://bluebutton.cms.gov/fhir/CodeSystem/Adjudication/,AUTHORITATIVELY_RESOLVED,YES,NOT_APPROVED
ITEM_ADJUDICATION,https://bluebutton.cms.gov/fhir/CodeSystem/Adjudication,CLM_LINE_PRFNL_INTRST_AMT,Professional Interest Amount,Professional Interest Amount,MONETARY_AMOUNT,SAME_SYSTEM_CODE_CURRENCY_AND_GRAIN_ONLY,27,CMS Blue Button API,Blue Button v3,https://bluebutton.cms.gov/fhir/CodeSystem/Adjudication/,AUTHORITATIVELY_RESOLVED,YES,NOT_APPROVED
ITEM_ADJUDICATION,https://bluebutton.cms.gov/fhir/CodeSystem/Adjudication,CLM_LINE_RPTD_GAP_DSCNT_AMT,Claim Line Reported Gap Discount Amount,Claim Line Reported Gap Discount Amount,MONETARY_AMOUNT,SAME_SYSTEM_CODE_CURRENCY_AND_GRAIN_ONLY,14,CMS Blue Button API,Blue Button v3,https://bluebutton.cms.gov/fhir/CodeSystem/Adjudication/,AUTHORITATIVELY_RESOLVED,YES,NOT_APPROVED
ITEM_ADJUDICATION,https://bluebutton.cms.gov/fhir/CodeSystem/Adjudication,CLM_MDCR_PRMRY_PYR_ALOWD_AMT,Line Primary Payer Allowed Amount,Line Primary Payer Allowed Amount,MONETARY_AMOUNT,SAME_SYSTEM_CODE_CURRENCY_AND_GRAIN_ONLY,27,CMS Blue Button API,Blue Button v3,https://bluebutton.cms.gov/fhir/CodeSystem/Adjudication/,AUTHORITATIVELY_RESOLVED,YES,NOT_APPROVED
ITEM_ADJUDICATION,https://bluebutton.cms.gov/fhir/CodeSystem/Adjudication,CLM_REV_CNTR_TDAPA_AMT,Transitional Drug Add-On Payment Adjustment,Transitional Drug Add-On Payment Adjustment,MONETARY_AMOUNT,SAME_SYSTEM_CODE_CURRENCY_AND_GRAIN_ONLY,46,CMS Blue Button API,Blue Button v3,https://bluebutton.cms.gov/fhir/CodeSystem/Adjudication/,AUTHORITATIVELY_RESOLVED,YES,NOT_APPROVED
