authoritative_display,domains,system_code_pairs,mapping_rows,equivalence_status,review_reason
Benefit Payment Status,CLAIM_ADJUDICATION ; ITEM_ADJUDICATION,http://hl7.org/fhir/us/carin-bb/CodeSystem/C4BBAdjudicationDiscriminator::benefitpaymentstatus,2,NOT_ASSUMED,Same/similar authoritative label appears across multiple source contexts; do not consolidate without explicit semantic approval.
Co-insurance,CLAIM_TOTAL ; ITEM_ADJUDICATION,http://hl7.org/fhir/us/carin-bb/CodeSystem/C4BBAdjudication::coinsurance,2,NOT_ASSUMED,Same/similar authoritative label appears across multiple source contexts; do not consolidate without explicit semantic approval.
Deductible,CLAIM_TOTAL ; ITEM_ADJUDICATION,http://terminology.hl7.org/CodeSystem/adjudication::deductible,2,NOT_ASSUMED,Same/similar authoritative label appears across multiple source contexts; do not consolidate without explicit semantic approval.
Eligible Amount,CLAIM_TOTAL ; ITEM_ADJUDICATION,http://terminology.hl7.org/CodeSystem/adjudication::eligible,2,NOT_ASSUMED,Same/similar authoritative label appears across multiple source contexts; do not consolidate without explicit semantic approval.
Noncovered,CLAIM_TOTAL ; ITEM_ADJUDICATION,http://hl7.org/fhir/us/carin-bb/CodeSystem/C4BBAdjudication::noncovered,2,NOT_ASSUMED,Same/similar authoritative label appears across multiple source contexts; do not consolidate without explicit semantic approval.
Paid by patient,CLAIM_TOTAL ; ITEM_ADJUDICATION,http://hl7.org/fhir/us/carin-bb/CodeSystem/C4BBAdjudication::paidbypatient,2,NOT_ASSUMED,Same/similar authoritative label appears across multiple source contexts; do not consolidate without explicit semantic approval.
Paid to patient,CLAIM_TOTAL ; ITEM_ADJUDICATION,http://hl7.org/fhir/us/carin-bb/CodeSystem/C4BBAdjudication::paidtopatient,2,NOT_ASSUMED,Same/similar authoritative label appears across multiple source contexts; do not consolidate without explicit semantic approval.
Paid to provider,CLAIM_TOTAL ; ITEM_ADJUDICATION,http://hl7.org/fhir/us/carin-bb/CodeSystem/C4BBAdjudication::paidtoprovider,2,NOT_ASSUMED,Same/similar authoritative label appears across multiple source contexts; do not consolidate without explicit semantic approval.
Prior payer paid,CLAIM_TOTAL ; ITEM_ADJUDICATION,http://hl7.org/fhir/us/carin-bb/CodeSystem/C4BBAdjudication::priorpayerpaid,2,NOT_ASSUMED,Same/similar authoritative label appears across multiple source contexts; do not consolidate without explicit semantic approval.
Submitted Amount,CLAIM_TOTAL ; ITEM_ADJUDICATION,http://terminology.hl7.org/CodeSystem/adjudication::submitted,2,NOT_ASSUMED,Same/similar authoritative label appears across multiple source contexts; do not consolidate without explicit semantic approval.
Total RX Cost Amount,CLAIM_TOTAL ; ITEM_ADJUDICATION,https://bluebutton.cms.gov/fhir/CodeSystem/Adjudication::TOT_RX_CST_AMT,2,NOT_ASSUMED,Same/similar authoritative label appears across multiple source contexts; do not consolidate without explicit semantic approval.
