metric_id,business_name,business_definition,formula,numerator,denominator,source_fact,grain,eligible_population,inclusions_exclusions,time_logic,unit_format,valuation_basis,total_behavior,null_rule,directionality,validation_baseline,known_limitations,approval_status
M001,Claim Count,Number of governed EOB claims.,SUM(claim_row_count),1 per FactClaim row,,FactClaim,Claim,Validated EOB claims,One governed EOB per pipeline run,Use approved claim date role,Count,N/A,SUM,N/A,Contextual,staging.eob_claim row count,Sandbox population is not representative,APPROVED_ANALYTICAL_PRIMITIVE
M002,Item Count,Number of governed EOB claim items.,SUM(item_row_count),1 per FactItem row,,FactItem,Claim Item,Validated EOB items,One governed item sequence per claim,Inherited from parent claim or serviced date,Count,N/A,SUM,N/A,Contextual,staging.eob_item row count,Not equivalent to number of claims,APPROVED_ANALYTICAL_PRIMITIVE
M003,Diagnosis Occurrence Count,Number of diagnosis occurrences across claims.,SUM(diagnosis_row_count),1 per FactDiagnosisOccurrence row,,FactDiagnosisOccurrence,Claim Diagnosis,Validated diagnosis occurrences,Source diagnosis sequences only,Inherited from parent claim,Count,N/A,SUM,Missing optional diagnoses remain absent,Contextual,staging.eob_diagnosis row count,Occurrence count is not distinct-patient count,APPROVED_ANALYTICAL_PRIMITIVE
M004,Procedure Occurrence Count,Number of procedure occurrences across claims.,SUM(procedure_row_count),1 per FactProcedureOccurrence row,,FactProcedureOccurrence,Claim Procedure,Validated procedure occurrences,Source procedure sequences only,Procedure date when populated; otherwise claim context,Count,N/A,SUM,Missing optional procedures remain absent,Contextual,staging.eob_procedure row count,Occurrence count is not distinct-patient count,APPROVED_ANALYTICAL_PRIMITIVE
M005,Care Team Occurrence Count,Number of care-team participation occurrences.,SUM(care_team_row_count),1 per FactCareTeamOccurrence row,,FactCareTeamOccurrence,Claim Care Team,Validated care-team occurrences,Source care-team sequences only,Inherited from parent claim,Count,N/A,SUM,Missing optional care-team rows remain absent,Contextual,staging.eob_care_team row count,Not a distinct-provider count,APPROVED_ANALYTICAL_PRIMITIVE
M006,Supporting Information Occurrence Count,Number of supporting-information occurrences.,SUM(supporting_info_row_count),1 per FactSupportingInfoOccurrence row,,FactSupportingInfoOccurrence,Claim Supporting Information,Validated supporting-information rows,Source supporting-information sequences only,Timing date/period when semantically applicable,Count,N/A,SUM,Optional structures remain NULL/absent,Contextual,staging.eob_supporting_info row count,Categories require terminology interpretation,APPROVED_ANALYTICAL_PRIMITIVE
M007,Claim Total Amount ? Exact Financial Concept,"Sum of claim-total monetary values only when financial domain, system URI, code and currency are identical.",SUM(amount),FactClaimTotal.amount,,FactClaimTotal,Claim Total Element,semantic_role = MONETARY_AMOUNT,Exact domain/system/code/currency only; no claim-adjudication or item-adjudication mixing,Inherited from parent claim,Currency,Authoritative exact financial concept,SUM only within exact concept and currency,NULL amount excluded; never converted to zero,Contextual,staging.eob_total exact concept reconciliation,Not a consolidated Paid/Allowed/Submitted KPI,APPROVED_ANALYTICAL_PRIMITIVE
M008,Claim Adjudication Amount ? Exact Financial Concept,"Sum of claim-level adjudication monetary values only when domain, system URI, code and currency are identical.",SUM(amount),FactClaimAdjudication.amount,,FactClaimAdjudication,Claim Adjudication Element,semantic_role = MONETARY_AMOUNT,Exclude NON_MONETARY_VALUE and STATUS_DISCRIMINATOR; no ClaimTotal mixing,Inherited from parent claim,Currency,Authoritative exact financial concept,SUM only within exact concept and currency,NULL amount excluded; never converted to zero,Contextual,staging.eob_adjudication exact concept reconciliation,Claim adjudication may contain non-money values,APPROVED_ANALYTICAL_PRIMITIVE
M009,Item Adjudication Amount ? Exact Financial Concept,"Sum of item-level adjudication monetary amounts only for one exact system URI, code and currency.",SUM(amount),FactItemAdjudication.amount,,FactItemAdjudication,Claim Item Adjudication Element,semantic_role = MONETARY_AMOUNT,No claim-level financial rows; exact concept only,Inherited from item/claim service context,Currency,Authoritative exact financial concept,SUM only within exact concept and currency,NULL amount excluded; never converted to zero,Contextual,staging.eob_item_adjudication exact concept reconciliation,Must never be blindly added to claim-level totals,APPROVED_ANALYTICAL_PRIMITIVE
