normalized_entity,source_context,reference_form,target_resource_type,resolution_status,occurrence_count
BridgeClaimCoverage,CLAIM_INSURANCE,DISPLAY_ONLY,UNKNOWN,DISPLAY_ONLY_NON_IDENTITY,6
ContainedResource,Coverage,CONTAINED,Organization,MATERIALIZED,1
ContainedResource,ExplanationOfBenefit,CONTAINED,Organization,MATERIALIZED,6
ContainedResource,ExplanationOfBenefit,CONTAINED,Practitioner,MATERIALIZED,1
PayerReference,CLAIM_INSURER,CONTAINED,Organization,CONTAINED_RESOLVED,3
PayerReference,COVERAGE_PAYOR,CONTAINED,Organization,CONTAINED_RESOLVED,1
ProviderReference,CARE_TEAM_PROVIDER,IDENTIFIER,UNKNOWN,IDENTIFIER_KEY_READY,35
ProviderReference,CLAIM_PROVIDER,CONTAINED,Organization,CONTAINED_RESOLVED,3
ProviderReference,CLAIM_PROVIDER,CONTAINED,Practitioner,CONTAINED_RESOLVED,1
ProviderReference,CLAIM_PROVIDER,NULL,UNKNOWN,SOURCE_IDENTITY_NOT_EXPLICIT,2
