relationship_id,from_table,from_column,to_table,to_column,cardinality,filter_direction,active,role,status
SR-001,DimPipelineRun,pipeline_run_key,FactClaim,pipeline_run_key,1:*,SINGLE_DIMENSION_TO_FACT,True,STANDARD,APPROVED
SR-002,DimPatient,patient_key,FactClaim,patient_key,1:*,SINGLE_DIMENSION_TO_FACT,True,STANDARD,APPROVED
SR-003,DimDate,date_key,FactClaim,claim_created_date_key,1:*,SINGLE_DIMENSION_TO_FACT,True,CLAIM_CREATED_DATE,APPROVED
SR-004,DimPipelineRun,pipeline_run_key,FactItem,pipeline_run_key,1:*,SINGLE_DIMENSION_TO_FACT,True,STANDARD,APPROVED
SR-005,DimPatient,patient_key,FactItem,patient_key,1:*,SINGLE_DIMENSION_TO_FACT,True,STANDARD,APPROVED
SR-006,DimDate,date_key,FactItem,claim_created_date_key,1:*,SINGLE_DIMENSION_TO_FACT,True,CLAIM_CREATED_DATE,APPROVED
SR-007,DimPipelineRun,pipeline_run_key,FactClaimTotal,pipeline_run_key,1:*,SINGLE_DIMENSION_TO_FACT,True,STANDARD,APPROVED
SR-008,DimPatient,patient_key,FactClaimTotal,patient_key,1:*,SINGLE_DIMENSION_TO_FACT,True,STANDARD,APPROVED
SR-009,DimDate,date_key,FactClaimTotal,claim_created_date_key,1:*,SINGLE_DIMENSION_TO_FACT,True,CLAIM_CREATED_DATE,APPROVED
SR-010,DimPipelineRun,pipeline_run_key,FactClaimAdjudication,pipeline_run_key,1:*,SINGLE_DIMENSION_TO_FACT,True,STANDARD,APPROVED
SR-011,DimPatient,patient_key,FactClaimAdjudication,patient_key,1:*,SINGLE_DIMENSION_TO_FACT,True,STANDARD,APPROVED
SR-012,DimDate,date_key,FactClaimAdjudication,claim_created_date_key,1:*,SINGLE_DIMENSION_TO_FACT,True,CLAIM_CREATED_DATE,APPROVED
SR-013,DimPipelineRun,pipeline_run_key,FactItemAdjudication,pipeline_run_key,1:*,SINGLE_DIMENSION_TO_FACT,True,STANDARD,APPROVED
SR-014,DimPatient,patient_key,FactItemAdjudication,patient_key,1:*,SINGLE_DIMENSION_TO_FACT,True,STANDARD,APPROVED
SR-015,DimDate,date_key,FactItemAdjudication,claim_created_date_key,1:*,SINGLE_DIMENSION_TO_FACT,True,CLAIM_CREATED_DATE,APPROVED
SR-016,DimPipelineRun,pipeline_run_key,FactDiagnosisOccurrence,pipeline_run_key,1:*,SINGLE_DIMENSION_TO_FACT,True,STANDARD,APPROVED
SR-017,DimPatient,patient_key,FactDiagnosisOccurrence,patient_key,1:*,SINGLE_DIMENSION_TO_FACT,True,STANDARD,APPROVED
SR-018,DimDate,date_key,FactDiagnosisOccurrence,claim_created_date_key,1:*,SINGLE_DIMENSION_TO_FACT,True,CLAIM_CREATED_DATE,APPROVED
SR-019,DimPipelineRun,pipeline_run_key,FactProcedureOccurrence,pipeline_run_key,1:*,SINGLE_DIMENSION_TO_FACT,True,STANDARD,APPROVED
SR-020,DimPatient,patient_key,FactProcedureOccurrence,patient_key,1:*,SINGLE_DIMENSION_TO_FACT,True,STANDARD,APPROVED
SR-021,DimDate,date_key,FactProcedureOccurrence,claim_created_date_key,1:*,SINGLE_DIMENSION_TO_FACT,True,CLAIM_CREATED_DATE,APPROVED
SR-022,DimPipelineRun,pipeline_run_key,FactCareTeamOccurrence,pipeline_run_key,1:*,SINGLE_DIMENSION_TO_FACT,True,STANDARD,APPROVED
SR-023,DimPatient,patient_key,FactCareTeamOccurrence,patient_key,1:*,SINGLE_DIMENSION_TO_FACT,True,STANDARD,APPROVED
SR-024,DimDate,date_key,FactCareTeamOccurrence,claim_created_date_key,1:*,SINGLE_DIMENSION_TO_FACT,True,CLAIM_CREATED_DATE,APPROVED
SR-025,DimPipelineRun,pipeline_run_key,FactSupportingInfoOccurrence,pipeline_run_key,1:*,SINGLE_DIMENSION_TO_FACT,True,STANDARD,APPROVED
SR-026,DimPatient,patient_key,FactSupportingInfoOccurrence,patient_key,1:*,SINGLE_DIMENSION_TO_FACT,True,STANDARD,APPROVED
SR-027,DimDate,date_key,FactSupportingInfoOccurrence,claim_created_date_key,1:*,SINGLE_DIMENSION_TO_FACT,True,CLAIM_CREATED_DATE,APPROVED
SR-028,DimPipelineRun,pipeline_run_key,FactItemDetail,pipeline_run_key,1:*,SINGLE_DIMENSION_TO_FACT,True,STANDARD,APPROVED
SR-029,DimPatient,patient_key,FactItemDetail,patient_key,1:*,SINGLE_DIMENSION_TO_FACT,True,STANDARD,APPROVED
SR-030,DimDate,date_key,FactItemDetail,claim_created_date_key,1:*,SINGLE_DIMENSION_TO_FACT,True,CLAIM_CREATED_DATE,APPROVED
SR-031,DimDate,date_key,FactClaim,billable_start_date_key,1:*,SINGLE_DIMENSION_TO_FACT,False,BILLABLE_START_DATE,APPROVED
SR-032,DimDate,date_key,FactClaim,billable_end_date_key,1:*,SINGLE_DIMENSION_TO_FACT,False,BILLABLE_END_DATE,APPROVED
SR-033,DimDate,date_key,FactItem,serviced_date_key,1:*,SINGLE_DIMENSION_TO_FACT,False,SERVICE_DATE,APPROVED
SR-034,DimDate,date_key,FactProcedureOccurrence,procedure_date_key,1:*,SINGLE_DIMENSION_TO_FACT,False,PROCEDURE_DATE,APPROVED
SR-035,DimDate,date_key,FactSupportingInfoOccurrence,timing_date_key,1:*,SINGLE_DIMENSION_TO_FACT,False,SUPPORTING_INFO_TIMING_DATE,APPROVED
SR-036,DimClaimType,claim_type_key,FactClaim,claim_type_key,1:*,SINGLE_DIMENSION_TO_FACT,True,STANDARD,APPROVED
SR-037,DimProvider,provider_key,FactClaim,provider_key,1:*,SINGLE_DIMENSION_TO_FACT,True,STANDARD,APPROVED
SR-038,DimPayer,payer_key,FactClaim,payer_key,1:*,SINGLE_DIMENSION_TO_FACT,True,STANDARD,APPROVED
SR-039,DimServiceCode,service_code_key,FactItem,service_code_key,1:*,SINGLE_DIMENSION_TO_FACT,True,STANDARD,APPROVED
SR-040,DimFinancialConcept,financial_concept_key,FactClaimTotal,financial_concept_key,1:*,SINGLE_DIMENSION_TO_FACT,True,STANDARD,APPROVED
SR-041,DimCurrency,currency_key,FactClaimTotal,currency_key,1:*,SINGLE_DIMENSION_TO_FACT,True,STANDARD,APPROVED
SR-042,DimFinancialConcept,financial_concept_key,FactClaimAdjudication,financial_concept_key,1:*,SINGLE_DIMENSION_TO_FACT,True,STANDARD,APPROVED
SR-043,DimCurrency,currency_key,FactClaimAdjudication,currency_key,1:*,SINGLE_DIMENSION_TO_FACT,True,STANDARD,APPROVED
SR-044,DimFinancialConcept,financial_concept_key,FactItemAdjudication,financial_concept_key,1:*,SINGLE_DIMENSION_TO_FACT,True,STANDARD,APPROVED
SR-045,DimCurrency,currency_key,FactItemAdjudication,currency_key,1:*,SINGLE_DIMENSION_TO_FACT,True,STANDARD,APPROVED
SR-046,DimDiagnosis,diagnosis_key,FactDiagnosisOccurrence,diagnosis_key,1:*,SINGLE_DIMENSION_TO_FACT,True,STANDARD,APPROVED
SR-047,DimProcedure,procedure_key,FactProcedureOccurrence,procedure_key,1:*,SINGLE_DIMENSION_TO_FACT,True,STANDARD,APPROVED
SR-048,DimProvider,provider_key,FactCareTeamOccurrence,provider_key,1:*,SINGLE_DIMENSION_TO_FACT,True,STANDARD,APPROVED
SR-049,DimSupportingInfoCategory,supporting_info_category_key,FactSupportingInfoOccurrence,supporting_info_category_key,1:*,SINGLE_DIMENSION_TO_FACT,True,STANDARD,APPROVED
SR-050,DimServiceCode,service_code_key,FactItemDetail,service_code_key,1:*,SINGLE_DIMENSION_TO_FACT,True,STANDARD,APPROVED
